{
  "resolution": 64,
  "_comment": "Never fold - Bounce Back",
  "bounds": [
    [
      -1,
      -1,
      -1
    ],
    [
      1,
      1,
      1
    ]
  ],
  "min_value": -0.3355554938316345,
  "max_value": 1.14286470413208
}